Title,Content,Author
Introduction to SQL Joins,Learn about different types of SQL joins and how to use them in your queries.,John Doe
Best Practices for Web Development,Explore essential tips for creating efficient and secure web applications.,Jane Smith
Building RESTful APIs with Express.js,A step-by-step guide to building RESTful APIs using Express.js and Node.js.,Alex Johnson
Understanding Database Normalization,An in-depth explanation of database normalization techniques.,Emily Brown
Creating Responsive Web Designs,Master the art of responsive web design using CSS media queries.,Michael Lee
Securing Your Web Applications,Best practices for securing web applications against common vulnerabilities.,Sophia Adams
Introduction to GraphQL,Discover the benefits of GraphQL and how it differs from traditional REST APIs.,David Clark
Optimizing SQL Queries,Techniques for optimizing slow SQL queries and improving database performance.,Grace Turner
Handling Authentication in Node.js,Implement user authentication using Passport.js and JWT in Node.js applications.,Daniel White
Designing Effective Database Schemas,Guidelines for designing efficient and scalable database schemas.,Olivia Green
